{
    "violin1": "violin 1",
    "violin2": "violin 2",
    "viola": "viola",
    "cello": "cello",
    "cb": "cb",
    "flute1": "flute 1",
    "flute2": "flute 2",
    "flute3": "flute 3 Piccolo",
    "oboe1": "oboe 1",
    "oboe2": "oboe 1",
    "oboe3": "oboe 1",
    "clarinet1": "clarinet 1",
    "clarinet2": "clarinet 1",
    "basclarinet": "bas clarinet",
	"bassoon1": "bassoon 1",
	"bassoon2": "bassoon 2",
	"contrabassoon": "contrabassoon",	
    "horn1": "horn 1",
    "horn2": "horn 2",
    "horn3": "horn 3",
    "horn4": "horn 4",
    "trumpet1": "trumpet 1",
    "trumpet2": "trumpet 2",
    "trumpet3": "trumpet 3",
    "trombone1": "trombone 1",
    "trombone2": "trombone 2",
    "bastrombone": "bastrombone",
    "tuba": "tuba",
    "timpani": "timpani",
    "grancassa": "gran cassa",
    "cymb": "cymbals",
    "toms": "toms",    
    "harp": "harp",
    "piano": "piano"
}